item_img,item_title,item_price
http://i.011st.com/ex_t/R/400x400/1/85/0/src/pd/19/1/9/6/9/4/1/kUsvK/2305196941_B.jpg,Thermal Grizzly Hydronaut 열전달 페이스트 1.5 ml Thermal Grizzly Hydronaut 1.5 ml/37835623,
http://i.011st.com/ex_t/R/400x400/1/85/0/src/pd/18/7/4/3/6/7/4/womvt/2205743674_B.jpg,[공식판매점] Thermal Grizzly Kryonaut (11.1g) 곰써멀 써멀그리즐리 (정품),"46,700"
http://i.011st.com/ex_t/R/400x400/1/85/0/src/am/4/6/4/1/7/2/1465464172_B.jpg,[M. Thermal Grizzly Kryonaut 11.1g,"46,700"
http://i.011st.com/ex_t/R/400x400/1/85/0/src/pd/18/7/4/3/5/0/7/xaeXG/2205743507_B.jpg,[공식판매점] Thermal Grizzly Kryonaut (5.55g) 곰써멀 써멀그리즐리 (정품),"30,420"
http://i.011st.com/ex_t/R/400x400/1/85/0/src/pd/18/7/4/2/9/9/0/izefV/2205742990_B.jpg,[공식판매점] Thermal Grizzly Conductonaut (1g) 곰써멀 써멀그리즐리 (정품),"18,610"
http://i.011st.com/ex_t/R/400x400/1/85/0/src/pd/18/5/1/1/5/9/3/MpFKV/2266511593_B.jpg,a+Thermal Grizzly Kryonaut 5.55g,"30,420"
http://i.011st.com/ex_t/R/400x400/1/85/0/src/am/9/1/7/6/3/7/1484917637_B.jpg,Thermal Grizzly Kryonaut 5.55g 써멀구리스,"31,800"
http://i.011st.com/ex_t/R/400x400/1/85/0/src/pd/19/4/2/4/4/4/9/hokae/2338424449_B.jpg,긴급 열 담요 - 그리즐리 기어 - 접어서 52 X 84 (R1) Grizzly Gear Emergency Thermal Blankets - /460512,
http://i.011st.com/ex_t/R/400x400/1/85/0/src/pd/19/6/6/0/5/2/7/VdhTE/2306660527_B.jpg,Thermal Grizzly Kryonaut 열전달 그리스 붙여 넣기 - 1.0 그람 + 여분의 주걱 및 2X CPU 청소용 /37857714,
http://i.011st.com/ex_t/R/400x400/1/85/0/src/pd/16/0/3/9/7/9/6/AjuQo/1626039796_B.jpg,Thermal Grizzly Kryonaut 5.55g 정품 빠른배송,
http://i.011st.com/ex_t/R/400x400/1/85/0/src/am/9/1/7/6/0/9/1484917609_B.jpg,Thermal Grizzly Kryonaut 37g 써멀구리스,"110,500"
http://i.011st.com/ex_t/R/400x400/1/85/0/src/pd/18/7/4/2/7/9/3/RoCrL/2205742793_B.jpg,[공식판매점] Thermal Grizzly Minus Pad 8 (100x100x1.0mm) 곰써멀 써멀그리즐리 (정품),"41,380"
http://i.011st.com/ex_t/R/400x400/1/85/0/src/pd/19/5/1/6/0/3/6/oNUEv/2347516036_B.jpg,Thermal Grizzly Conductonaut 5g PC 그래픽 카드 CPU GPU 냉각 액체 금속 열 합성 화합물 쿨러 팬/1096136,
http://i.011st.com/ex_t/R/400x400/1/85/0/src/pd/19/4/8/9/1/4/4/BdxUD/2347489144_B.jpg,Thermal Grizzly Kryonaut 1G 11CPU AMD Intel 프로세서 방열판 팬 열 화합물 냉각 열 접착제 냉각/1123338,
http://i.011st.com/ex_t/R/400x400/1/85/0/src/pd/18/7/4/3/2/8/0/DtKcs/2205743280_B.jpg,[공식판매점] Thermal Grizzly Hydronaut (3.9g) 곰써멀 써멀그리즐리 (정품),"21,800"
http://i.011st.com/ex_t/R/400x400/1/85/0/src/pd/18/7/4/2/8/7/3/POPVi/2205742873_B.jpg,[공식판매점] Thermal Grizzly Minus Pad 8 (100x100x1.5mm) 곰써멀 써멀그리즐리 (정품),"46,700"
http://i.011st.com/ex_t/R/400x400/1/85/0/src/pd/19/0/5/4/1/3/2/UeEDq/2049054132_B.jpg,[Thermal Grizzly]Conductonaut (1g),
http://i.011st.com/ex_t/R/400x400/1/85/0/src/am/5/4/4/9/4/9/1465544949_B.jpg,MPS-Thermal Grizzly Kryonaut 11.1g 당일발송,
http://i.011st.com/ex_t/R/400x400/1/85/0/src/pd/19/4/9/0/9/9/2/RwCxq/1465490992_B.jpg,Thermal Grizzly Minus Pad 8 (100x100x1.0mm) 써멀,
http://i.011st.com/ex_t/R/400x400/1/85/0/src/am/9/1/7/4/3/0/1484917430_B.jpg,Thermal Grizzly Conductonaut 1g 써멀구리스,"19,500"
http://i.011st.com/ex_t/R/400x400/1/85/0/src/am/4/5/9/4/0/0/1465459400_B.jpg,[M. Thermal Grizzly Hydronaut 3.9g,"22,800"
http://i.011st.com/ex_t/R/400x400/1/85/0/src/pd/18/5/6/3/0/2/9/iIium/2266563029_B.jpg,a+Thermal Grizzly Conductonaut 1g,"18,610"
http://i.011st.com/ex_t/R/400x400/1/85/0/src/am/9/1/7/6/6/8/1484917668_B.jpg,Thermal Grizzly Kryonaut 11.1g,"48,800"
http://i.011st.com/ex_t/R/400x400/1/85/0/src/am/5/4/4/8/4/3/1465544843_B.jpg,MPS-Thermal Grizzly Kryonaut 37g 당일발송,
http://i.011st.com/ex_t/R/400x400/1/85/0/src/pd/19/4/9/0/1/3/5/yXMRR/1465490135_B.jpg,Thermal Grizzly Kryonaut 5.55g / 써멀구리스 서멀,
http://i.011st.com/ex_t/R/400x400/1/85/0/src/pd/19/4/7/9/3/2/0/mcUor/2283479320_B.jpg,Thermal Grizzly Kryonaut 11.1G PC CPU AMD Intel 프로세서 방열판 팬 열 화합물 냉각 냉각기 열 /1097949,
http://i.011st.com/ex_t/R/400x400/1/85/0/src/pd/19/4/8/0/7/7/1/vqMjI/2366480771_B.jpg,[Thermal grizzly] Kryonaut 11.1g [써멀 컴파운드],
http://i.011st.com/ex_t/R/400x400/1/85/0/src/pd/19/8/7/6/3/8/0/ZkFoD/2365876380_B.jpg,Thermal grizzly Kryonaut 11.1g 써멀 컴파운드,
http://i.011st.com/ex_t/R/400x400/1/85/0/src/pd/19/7/3/6/0/3/7/SrWCI/2354736037_B.jpg,[Thermal grizzly] Kryonaut 11.1g [써멀 컴파운드],
http://i.011st.com/ex_t/R/400x400/1/85/0/src/am/4/6/3/2/1/9/1465463219_B.jpg,[M. Thermal Grizzly Kryonaut 5.55g,"31,800"
http://i.011st.com/ex_t/R/400x400/1/85/0/src/pd/19/8/5/2/3/9/7/oDgsZ/2356852397_B.jpg,[Thermal grizzly] Kryonaut 11.1g [써멀 컴파운드],"101,000"
http://i.011st.com/ex_t/R/400x400/1/85/0/src/pd/19/9/9/8/3/1/3/hrDPT/2324998313_B.jpg,XAU828170Grizzly Thermal 써멀컴파운드 Kryonaut 37g,"194,890"
http://i.011st.com/ex_t/R/400x400/1/85/0/src/pd/19/0/8/9/3/1/5/zBTbX/2355089315_B.jpg,[Thermal grizzly] Kryonaut 11.1g [써멀 컴파운드],"119,870"
http://i.011st.com/ex_t/R/400x400/1/85/0/src/pd/19/0/3/6/2/7/0/kylgb/2357036270_B.jpg,Thermal Grizzly Kryonaut (1g),
http://i.011st.com/ex_t/R/400x400/1/85/0/src/pd/19/4/3/9/8/8/7/TEabd/2307439887_B.jpg,"Thermal Grizzly Kryonaut (1g)(안전포장,당일발송)","79,300"
http://i.011st.com/ex_t/R/400x400/1/85/0/src/pd/19/9/8/4/5/6/2/zIPjv/2315984562_B.jpg,(밀알) Thermal Grizzly Kryonaut 1g,
http://i.011st.com/ex_t/R/400x400/1/85/0/src/pd/19/0/7/1/3/8/4/pvydb/2365071384_B.jpg,[Thermal grizzly] Kryonaut 11.1g [써멀 컴파운드],"102,210"
http://i.011st.com/ex_t/R/400x400/1/85/0/src/pd/19/3/8/7/1/4/0/KdttS/2358387140_B.jpg,Thermal grizzly Kryonaut 11.1g 써멀 컴파운드,
http://i.011st.com/ex_t/R/400x400/1/85/0/src/pd/19/2/9/9/5/2/1/odSVo/2314299521_B.jpg,Thermal Grizzly Kryonaut 1g,
http://i.011st.com/ex_t/R/400x400/1/85/0/src/pd/19/1/0/7/6/6/6/Mvtof/2365107666_B.jpg,Thermal Grizzly Kryonaut (1g),
http://i.011st.com/ex_t/R/400x400/1/85/0/src/pd/19/3/2/6/1/6/5/vfByV/2315326165_B.jpg,Thermal Grizzly Kryonaut (1g),"10,000"
http://i.011st.com/ex_t/R/400x400/1/85/0/src/pd/19/2/2/2/9/8/8/AthQe/2313222988_B.jpg,[Thermal Grizzly]Kryonaut 1g,
http://i.011st.com/ex_t/R/400x400/1/85/0/src/pd/19/3/5/6/9/9/7/FIySp/2307356997_B.jpg,[Thermal Grizzly]Kryonaut (1g),
http://i.011st.com/ex_t/R/400x400/1/85/0/src/pd/19/2/5/6/3/8/1/ZsLvJ/2307256381_B.jpg,a+Thermal Grizzly Kryonaut (1g),"8,930"
http://i.011st.com/ex_t/R/400x400/1/85/0/src/pd/19/7/4/9/9/4/7/OCUqV/2328749947_B.jpg,Thermal Grizzly Kryonaut 1g,
http://i.011st.com/ex_t/R/400x400/1/85/0/src/pd/19/5/1/0/2/0/9/NcRKR/2366510209_B.jpg,up Thermal Grizzly Kryonaut (1g),"8,930"
http://i.011st.com/ex_t/R/400x400/1/85/0/src/pd/19/3/4/3/5/8/4/vEPRK/2307343584_B.jpg,Thermal Grizzly Kryonaut (1g),"8,930"
http://i.011st.com/ex_t/R/400x400/1/85/0/src/pd/19/1/8/1/6/3/2/pomxB/2311181632_B.jpg,w Thermal Grizzly Kryonaut 1g /써멀 구리스,
http://i.011st.com/ex_t/R/400x400/1/85/0/src/pd/19/0/3/6/3/1/1/DuFIa/2357036311_B.jpg,Thermal Grizzly Kryonaut 5.55g,
http://i.011st.com/ex_t/R/400x400/1/85/0/src/pd/19/3/2/8/7/5/2/HFhNC/2307328752_B.jpg,Thermal Grizzly Kryonaut (1g)써멀종결자 곰써멀정품,"10,000"
http://i.011st.com/ex_t/R/400x400/1/85/0/src/pd/19/3/2/0/5/8/6/wQUqe/2307320586_B.jpg,ㅡ즉시출고ㅡThermal Grizzly Kryonaut (1g),"8,930"
http://i.011st.com/ex_t/R/400x400/1/85/0/src/pd/19/1/0/7/7/0/6/oBAno/2365107706_B.jpg,Thermal Grizzly Kryonaut 37g,
http://i.011st.com/ex_t/R/400x400/1/85/0/src/pd/19/1/0/7/7/2/4/GRyad/2365107724_B.jpg,Thermal Grizzly Kryonaut 11.1g,
http://i.011st.com/ex_t/R/400x400/1/85/0/src/pd/19/1/0/7/7/1/4/HDrAG/2365107714_B.jpg,Thermal Grizzly Kryonaut 5.55g,
http://i.011st.com/ex_t/R/400x400/1/85/0/src/pd/18/3/9/8/5/6/3/jGZJS/2191398563_B.jpg,Thermal Grizzly Conductonaut 1g/그리즐리 곰써멀/뚜따써멀,
http://i.011st.com/ex_t/R/400x400/1/85/0/src/pd/18/7/4/3/1/7/4/wzdXC/2205743174_B.jpg,[공식판매점] Thermal Grizzly Aeronaut (3.9g) 곰써멀 써멀그리즐리 (정품),"16,270"
http://i.011st.com/ex_t/R/400x400/1/85/0/src/pd/18/7/4/2/9/2/5/CuZav/2205742925_B.jpg,[공식판매점] Thermal Grizzly Minus Pad 8 (100x100x0.5mm) 곰써멀 써멀그리즐리 (정품),"35,850"
http://i.011st.com/ex_t/R/400x400/1/85/0/src/pd/19/1/8/6/3/7/6/scJgz/2311186376_B.jpg,w Thermal Grizzly Kryonaut 11.1g /써멀 구리스,
http://i.011st.com/ex_t/R/400x400/1/85/0/src/pd/19/5/5/3/9/8/3/PtpDL/2306553983_B.jpg,[공식판매점] Thermal Grizzly Kryonaut (1g) 곰써멀 써멀그리즐리 (정품),
http://i.011st.com/ex_t/R/400x400/1/85/0/src/pd/18/8/6/6/0/3/2/YoCre/2136866032_B.jpg,Thermal Grizzly Kryonaut 1g/그리즐리 곰써멀/서멀구리스,
item_img,item_title,item_price
http://i.011st.com/ex_t/R/400x400/1/85/0/src/pd/19/4/9/0/9/9/2/RwCxq/1465490992_B.jpg,Thermal Grizzly Minus Pad 8 (100x100x1.0mm) 써멀,
http://i.011st.com/ex_t/R/400x400/1/85/0/src/pd/18/7/4/3/5/0/7/xaeXG/2205743507_B.jpg,[공식판매점] Thermal Grizzly Kryonaut (5.55g) 곰써멀 써멀그리즐리 (정품),"30,420"
http://i.011st.com/ex_t/R/400x400/1/85/0/src/am/5/4/4/9/4/9/1465544949_B.jpg,MPS-Thermal Grizzly Kryonaut 11.1g 당일발송,
http://i.011st.com/ex_t/R/400x400/1/85/0/src/pd/18/5/6/3/0/2/9/iIium/2266563029_B.jpg,a+Thermal Grizzly Conductonaut 1g,"18,610"
http://i.011st.com/ex_t/R/400x400/1/85/0/src/am/5/4/4/8/4/3/1465544843_B.jpg,MPS-Thermal Grizzly Kryonaut 37g 당일발송,
http://i.011st.com/ex_t/R/400x400/1/85/0/src/am/4/5/9/4/0/0/1465459400_B.jpg,[M. Thermal Grizzly Hydronaut 3.9g,"22,800"
http://i.011st.com/ex_t/R/400x400/1/85/0/src/am/9/1/7/4/3/0/1484917430_B.jpg,Thermal Grizzly Conductonaut 1g 써멀구리스,"19,500"
http://i.011st.com/ex_t/R/400x400/1/85/0/src/am/9/1/7/6/6/8/1484917668_B.jpg,Thermal Grizzly Kryonaut 11.1g,"48,800"
http://i.011st.com/ex_t/R/400x400/1/85/0/src/pd/19/1/9/6/9/4/1/kUsvK/2305196941_B.jpg,Thermal Grizzly Hydronaut 열전달 페이스트 1.5 ml Thermal Grizzly Hydronaut 1.5 ml/37835623,
http://i.011st.com/ex_t/R/400x400/1/85/0/src/pd/19/4/9/0/1/3/5/yXMRR/1465490135_B.jpg,Thermal Grizzly Kryonaut 5.55g / 써멀구리스 서멀,
http://i.011st.com/ex_t/R/400x400/1/85/0/src/pd/18/7/4/2/9/9/0/izefV/2205742990_B.jpg,[공식판매점] Thermal Grizzly Conductonaut (1g) 곰써멀 써멀그리즐리 (정품),"18,610"
http://i.011st.com/ex_t/R/400x400/1/85/0/src/am/4/6/4/1/7/2/1465464172_B.jpg,[M. Thermal Grizzly Kryonaut 11.1g,"46,700"
http://i.011st.com/ex_t/R/400x400/1/85/0/src/am/9/1/7/6/3/7/1484917637_B.jpg,Thermal Grizzly Kryonaut 5.55g 써멀구리스,"31,800"
http://i.011st.com/ex_t/R/400x400/1/85/0/src/pd/18/5/1/1/5/9/3/MpFKV/2266511593_B.jpg,a+Thermal Grizzly Kryonaut 5.55g,"30,420"
http://i.011st.com/ex_t/R/400x400/1/85/0/src/pd/19/4/2/4/4/4/9/hokae/2338424449_B.jpg,긴급 열 담요 - 그리즐리 기어 - 접어서 52 X 84 (R1) Grizzly Gear Emergency Thermal Blankets - /460512,
http://i.011st.com/ex_t/R/400x400/1/85/0/src/pd/18/7/4/3/6/7/4/womvt/2205743674_B.jpg,[공식판매점] Thermal Grizzly Kryonaut (11.1g) 곰써멀 써멀그리즐리 (정품),"46,700"
http://i.011st.com/ex_t/R/400x400/1/85/0/src/pd/19/6/6/0/5/2/7/VdhTE/2306660527_B.jpg,Thermal Grizzly Kryonaut 열전달 그리스 붙여 넣기 - 1.0 그람 + 여분의 주걱 및 2X CPU 청소용 /37857714,
http://i.011st.com/ex_t/R/400x400/1/85/0/src/pd/19/0/5/4/1/3/2/UeEDq/2049054132_B.jpg,[Thermal Grizzly]Conductonaut (1g),
http://i.011st.com/ex_t/R/400x400/1/85/0/src/pd/16/0/3/9/7/9/6/AjuQo/1626039796_B.jpg,Thermal Grizzly Kryonaut 5.55g 정품 빠른배송,
http://i.011st.com/ex_t/R/400x400/1/85/0/src/pd/18/7/4/2/8/7/3/POPVi/2205742873_B.jpg,[공식판매점] Thermal Grizzly Minus Pad 8 (100x100x1.5mm) 곰써멀 써멀그리즐리 (정품),"46,700"
http://i.011st.com/ex_t/R/400x400/1/85/0/src/pd/18/7/4/3/2/8/0/DtKcs/2205743280_B.jpg,[공식판매점] Thermal Grizzly Hydronaut (3.9g) 곰써멀 써멀그리즐리 (정품),"21,800"
http://i.011st.com/ex_t/R/400x400/1/85/0/src/am/9/1/7/6/0/9/1484917609_B.jpg,Thermal Grizzly Kryonaut 37g 써멀구리스,"110,500"
http://i.011st.com/ex_t/R/400x400/1/85/0/src/pd/19/4/8/9/1/4/4/BdxUD/2347489144_B.jpg,Thermal Grizzly Kryonaut 1G 11CPU AMD Intel 프로세서 방열판 팬 열 화합물 냉각 열 접착제 냉각/1123338,
http://i.011st.com/ex_t/R/400x400/1/85/0/src/pd/18/7/4/2/7/9/3/RoCrL/2205742793_B.jpg,[공식판매점] Thermal Grizzly Minus Pad 8 (100x100x1.0mm) 곰써멀 써멀그리즐리 (정품),"41,380"
http://i.011st.com/ex_t/R/400x400/1/85/0/src/pd/19/4/7/9/3/2/0/mcUor/2283479320_B.jpg,Thermal Grizzly Kryonaut 11.1G PC CPU AMD Intel 프로세서 방열판 팬 열 화합물 냉각 냉각기 열 /1097949,
http://i.011st.com/ex_t/R/400x400/1/85/0/src/pd/19/5/1/6/0/3/6/oNUEv/2347516036_B.jpg,Thermal Grizzly Conductonaut 5g PC 그래픽 카드 CPU GPU 냉각 액체 금속 열 합성 화합물 쿨러 팬/1096136,
http://i.011st.com/ex_t/R/400x400/1/85/0/src/am/4/6/3/2/1/9/1465463219_B.jpg,[M. Thermal Grizzly Kryonaut 5.55g,"31,800"
http://i.011st.com/ex_t/R/400x400/1/85/0/src/pd/19/4/8/0/7/7/1/vqMjI/2366480771_B.jpg,[Thermal grizzly] Kryonaut 11.1g [써멀 컴파운드],
http://i.011st.com/ex_t/R/400x400/1/85/0/src/pd/19/8/7/6/3/8/0/ZkFoD/2365876380_B.jpg,Thermal grizzly Kryonaut 11.1g 써멀 컴파운드,
http://i.011st.com/ex_t/R/400x400/1/85/0/src/pd/19/7/3/6/0/3/7/SrWCI/2354736037_B.jpg,[Thermal grizzly] Kryonaut 11.1g [써멀 컴파운드],
http://i.011st.com/ex_t/R/400x400/1/85/0/src/pd/19/8/5/2/3/9/7/oDgsZ/2356852397_B.jpg,[Thermal grizzly] Kryonaut 11.1g [써멀 컴파운드],"101,000"
http://i.011st.com/ex_t/R/400x400/1/85/0/src/pd/19/9/9/8/3/1/3/hrDPT/2324998313_B.jpg,XAU828170Grizzly Thermal 써멀컴파운드 Kryonaut 37g,"194,890"
http://i.011st.com/ex_t/R/400x400/1/85/0/src/pd/19/0/3/6/2/7/0/kylgb/2357036270_B.jpg,Thermal Grizzly Kryonaut (1g),
http://i.011st.com/ex_t/R/400x400/1/85/0/src/pd/19/0/8/9/3/1/5/zBTbX/2355089315_B.jpg,[Thermal grizzly] Kryonaut 11.1g [써멀 컴파운드],"119,870"
http://i.011st.com/ex_t/R/400x400/1/85/0/src/pd/19/9/8/4/5/6/2/zIPjv/2315984562_B.jpg,(밀알) Thermal Grizzly Kryonaut 1g,
http://i.011st.com/ex_t/R/400x400/1/85/0/src/pd/19/1/0/7/6/6/6/Mvtof/2365107666_B.jpg,Thermal Grizzly Kryonaut (1g),
http://i.011st.com/ex_t/R/400x400/1/85/0/src/pd/19/4/3/9/8/8/7/TEabd/2307439887_B.jpg,"Thermal Grizzly Kryonaut (1g)(안전포장,당일발송)","79,300"
http://i.011st.com/ex_t/R/400x400/1/85/0/src/pd/19/3/8/7/1/4/0/KdttS/2358387140_B.jpg,Thermal grizzly Kryonaut 11.1g 써멀 컴파운드,
http://i.011st.com/ex_t/R/400x400/1/85/0/src/pd/19/0/7/1/3/8/4/pvydb/2365071384_B.jpg,[Thermal grizzly] Kryonaut 11.1g [써멀 컴파운드],"102,210"
http://i.011st.com/ex_t/R/400x400/1/85/0/src/pd/19/2/9/9/5/2/1/odSVo/2314299521_B.jpg,Thermal Grizzly Kryonaut 1g,
http://i.011st.com/ex_t/R/400x400/1/85/0/src/pd/19/3/2/6/1/6/5/vfByV/2315326165_B.jpg,Thermal Grizzly Kryonaut (1g),"10,000"
http://i.011st.com/ex_t/R/400x400/1/85/0/src/pd/19/2/2/2/9/8/8/AthQe/2313222988_B.jpg,[Thermal Grizzly]Kryonaut 1g,
http://i.011st.com/ex_t/R/400x400/1/85/0/src/pd/19/3/5/6/9/9/7/FIySp/2307356997_B.jpg,[Thermal Grizzly]Kryonaut (1g),
http://i.011st.com/ex_t/R/400x400/1/85/0/src/pd/19/5/1/0/2/0/9/NcRKR/2366510209_B.jpg,up Thermal Grizzly Kryonaut (1g),"8,930"
http://i.011st.com/ex_t/R/400x400/1/85/0/src/pd/19/7/4/9/9/4/7/OCUqV/2328749947_B.jpg,Thermal Grizzly Kryonaut 1g,
http://i.011st.com/ex_t/R/400x400/1/85/0/src/pd/19/2/5/6/3/8/1/ZsLvJ/2307256381_B.jpg,a+Thermal Grizzly Kryonaut (1g),"8,930"
http://i.011st.com/ex_t/R/400x400/1/85/0/src/pd/19/3/4/3/5/8/4/vEPRK/2307343584_B.jpg,Thermal Grizzly Kryonaut (1g),"8,930"
http://i.011st.com/ex_t/R/400x400/1/85/0/src/pd/19/1/8/1/6/3/2/pomxB/2311181632_B.jpg,w Thermal Grizzly Kryonaut 1g /써멀 구리스,
http://i.011st.com/ex_t/R/400x400/1/85/0/src/pd/19/0/3/6/3/1/1/DuFIa/2357036311_B.jpg,Thermal Grizzly Kryonaut 5.55g,
http://i.011st.com/ex_t/R/400x400/1/85/0/src/pd/19/3/2/8/7/5/2/HFhNC/2307328752_B.jpg,Thermal Grizzly Kryonaut (1g)써멀종결자 곰써멀정품,"10,000"
http://i.011st.com/ex_t/R/400x400/1/85/0/src/pd/19/1/0/7/7/2/4/GRyad/2365107724_B.jpg,Thermal Grizzly Kryonaut 11.1g,
http://i.011st.com/ex_t/R/400x400/1/85/0/src/pd/19/1/0/7/7/0/6/oBAno/2365107706_B.jpg,Thermal Grizzly Kryonaut 37g,
http://i.011st.com/ex_t/R/400x400/1/85/0/src/pd/19/3/2/0/5/8/6/wQUqe/2307320586_B.jpg,ㅡ즉시출고ㅡThermal Grizzly Kryonaut (1g),"8,930"
http://i.011st.com/ex_t/R/400x400/1/85/0/src/pd/19/1/0/7/7/1/4/HDrAG/2365107714_B.jpg,Thermal Grizzly Kryonaut 5.55g,
http://i.011st.com/ex_t/R/400x400/1/85/0/src/pd/18/3/9/8/5/6/3/jGZJS/2191398563_B.jpg,Thermal Grizzly Conductonaut 1g/그리즐리 곰써멀/뚜따써멀,
http://i.011st.com/ex_t/R/400x400/1/85/0/src/pd/19/1/8/6/3/7/6/scJgz/2311186376_B.jpg,w Thermal Grizzly Kryonaut 11.1g /써멀 구리스,
http://i.011st.com/ex_t/R/400x400/1/85/0/src/pd/18/7/4/3/1/7/4/wzdXC/2205743174_B.jpg,[공식판매점] Thermal Grizzly Aeronaut (3.9g) 곰써멀 써멀그리즐리 (정품),"16,270"
http://i.011st.com/ex_t/R/400x400/1/85/0/src/pd/18/7/4/2/9/2/5/CuZav/2205742925_B.jpg,[공식판매점] Thermal Grizzly Minus Pad 8 (100x100x0.5mm) 곰써멀 써멀그리즐리 (정품),"35,850"
http://i.011st.com/ex_t/R/400x400/1/85/0/src/pd/19/5/5/3/9/8/3/PtpDL/2306553983_B.jpg,[공식판매점] Thermal Grizzly Kryonaut (1g) 곰써멀 써멀그리즐리 (정품),
http://i.011st.com/ex_t/R/400x400/1/85/0/src/pd/18/8/6/6/0/3/2/YoCre/2136866032_B.jpg,Thermal Grizzly Kryonaut 1g/그리즐리 곰써멀/서멀구리스,
